# cluster_id	shot	cam_x	cam_y	cam_z	yaw	pitch	env	time	aim_x	aim_y	aim_z	label	mode	fires	flash
1	detail1~aim~up20	-7711.6	79	-3173.9	223.02	49.31	Clear	0.64	-7730.1	47.5	-3193.7	Build 55acdcac		0	
3	detail1~up20~up20	340.8	93.3	4745.2	225	66.28	Clear	0.64	327.5	50.5	4731.9	Build 920590f4		0	
5	detail1~up20~o45	-7044	82.1	13407.9	359.51	40.52	Clear	0.64	-7044.3	55	13439.6	Build 6f00e332		0	
8	detail1~o45~o45	-111.6	77.7	-1812.6	44.09	18.11	Clear	0.64	-83.7	64.6	-1783.8	Build 9331bd62		0	
9	detail1~lo12	-5913.3	98.5	2226.2	225	38.23	Clear	0.64	-5945.7	62.4	2193.8	Build f6924293		0	
12	detail1~o45~up20	-755.5	88.6	-2123.9	359.57	38.22	Clear	0.64	-755.7	62.8	-2091.1	Build 6e3aac10		0	
15	detail1~o45	-2868.6	49.1	-727.2	359.52	18.19	Clear	0.64	-2868.9	35.9	-687	Build 267984d5		0	
17	detail1~up20~up20	-4118.7	158.6	343.7	210.23	80.59	Clear	0.64	-4127.5	53.1	328.6	Build e738e96f		0	
19	detail1~o45~o45	9665.1	85.6	7538.6	314.09	18.11	Clear	0.64	9636.3	72.5	7566.5	Build d9e4a425		0	
20	detail1~o45~up20	1254.2	63.9	4053.1	359.57	38.22	Clear	0.64	1254	38.1	4085.9	Build 13f58893		0	
21	detail1~up20~up20	-1200.4	113.9	1207.6	225	58.59	Clear	0.64	-1215.6	78.7	1192.4	Build cf2c2b4a		0	
24	detail1~o45	-1029.6	55.7	-1145.7	269.63	24.42	Clear	0.64	-1068.1	38.2	-1146	Build c6a0d5c4		0	
25	detail1	-999.9	56.4	983.3	315	18	Clear	0.64	-1028.5	43.3	1011.8	Build 68a72774		0	
26	detail1~o45~up20	-15001.3	95.3	-30.1	359.57	38.22	Clear	0.64	-15001.5	69.5	2.7	Build 3f338fc1		0	
28	detail1~up20~up20	-392.9	73.9	1481.6	225	58.59	Clear	0.64	-408.1	38.7	1466.4	Build 954a0a68		0	
29	detail1~up20~up20	1427.8	70.2	604.4	225	58.59	Clear	0.64	1412.6	35	589.2	Build 5bbbea9e		0	
31	detail1~aim~o45	-999.7	46.6	-2291.3	26.27	17.06	Clear	0.64	-981.8	34.2	-2255.1	Build 2adf8ac1		0	
40	detail1~aim~up20	-10356.6	156.6	10778.5	219.23	51.73	Clear	0.64	-10372.9	124	10758.6	Build abf3db6c		0	
41	detail1~o45~up20	10685.8	96.2	-12912.4	359.57	38.09	Clear	0.64	10685.6	70.5	-12879.6	Build 14b1e589		0	
42	detail1~c75~up20	-1171.8	139	6077.3	315	37.39	Clear	0.64	-1189.3	120	6094.8	Build 63ffb7cd		0	
43	detail1~up20~up20	9906.4	86.8	764.8	225	58.59	Clear	0.64	9891.2	51.6	749.6	Build 5a74ee4d		0	
45	detail1~up20~lo12	7287.3	58.2	-3629.9	315	26.05	Clear	0.64	7260.6	39.7	-3603.2	Build 5a5dd985		0	
46	detail1~up20~up20	3921.6	73.7	2937.9	225	58.59	Clear	0.64	3906.4	38.5	2922.7	Build 002c20e6		0	
47	detail1~aim~up20	-1013.1	65.1	1385.8	205.23	37.76	Clear	0.64	-1027.2	39.5	1355.9	Build dea1d8d2		0	
50	detail1~aim~aim	-122.1	104.6	-257.1	185.2	23.27	Clear	0.64	-125.8	89.4	-296.4	Build e0d7e01d		0	
51	detail1~aim~up20	-561.7	59.9	-2153	244.08	39.2	Clear	0.64	-590.8	33.5	-2167.1	Build e25280c0		0	
62	detail1~up20~up20	-12634.5	155	12469.6	315	79.68	Clear	0.64	-12642.9	89.8	12478	Build 6c63ea1b		0	
65	detail1~up20~up20	-2972.2	83.3	-422.3	315	58.36	Clear	0.64	-2987.5	48.1	-407	Build 3c91f0f4		0	
66	detail1~o45~o45	2220.6	52.9	-1205.3	44.09	18.11	Clear	0.64	2248.5	39.8	-1176.5	Build 88895272		0	
67	detail1~o45~o45	4715.7	58.3	1073.4	44.09	18.11	Clear	0.64	4743.6	45.2	1102.2	Build ea41e496		0	
68	detail1~o45~up20	-9762	70.6	-2687.7	359.56	42.73	Clear	0.64	-9762.2	42.3	-2657	Build b2b56518		0	
69	detail1~up20	-701.7	73.4	-7187.6	225	38.04	Clear	0.64	-725	47.7	-7210.9	Build 76c98f1a		0	
70	detail1~up20	-2348.7	83.9	4425.8	315	38.18	Clear	0.64	-2371.9	58.1	4449	Build da67241a		0	
71	detail1~up20~o45	1277.5	80.7	-2577.2	359.51	38.28	Clear	0.64	1277.2	54.9	-2544.5	Build af332a15		0	
72	detail1	-5543.7	53.6	7305.8	315	18	Clear	0.64	-5572.2	40.5	7334.3	Build 636ba184		0	
73	detail1~up20~o45	-2194.4	64.1	-1227.6	359.51	38.28	Clear	0.64	-2194.7	38.3	-1194.9	Build 35f436df		0	
74	detail1~up20	1600.6	65.7	-190.7	225	38.18	Clear	0.64	1577.4	39.9	-213.9	Build a4bc221e		0	
75	detail1~up20~up20	-5524.5	107.2	-7290.1	315	58.59	Clear	0.64	-5539.7	72	-7274.9	Build f2e077d2		0	
76	detail1~o45~o45	-3618.5	54.2	-1388.7	44.09	18.11	Clear	0.64	-3590.6	41.1	-1359.9	Build a800f3b9		0	
77	detail1~o45~up20	-5695.7	57.4	-8185.4	269.57	38.22	Clear	0.64	-5728.5	31.6	-8185.6	Build d14f55bc		0	
82	detail1~up20~up20	-3181.8	74	1538.7	225	58.59	Clear	0.64	-3197	38.8	1523.5	Build c231e10f		0	
84	detail1~o45~up20	1321	68.6	-165.4	359.57	38.22	Clear	0.64	1320.8	42.8	-132.6	Build 032b5a3c		0	
85	detail1~aim~up20	-1189.4	66.6	622.5	334.55	34.94	Clear	0.64	-1204.2	42.5	653.6	Build 88bd3d6c		0	
86	detail1~o45~o45	-729.5	55.6	-600.4	43.95	18.11	Clear	0.64	-701.7	42.5	-571.6	Build fc5eaf01		0	
87	detail1~up20~up20	596.5	68.7	-2.4	225.13	61.26	Clear	0.64	582.4	32.5	-16.4	Build 728872c6		0	
88	detail1~c75~up20	6497.3	69.3	-1209.4	225	37.39	Clear	0.64	6479.8	50.3	-1226.9	Build 66599252		0	
95	detail1~o45~o45	-7999.8	148.1	5347.5	44.09	18.11	Clear	0.64	-7971.9	135	5376.3	Build 9471cd1f		0	
115	detail1~up20~up20	5010.1	138.6	-13037.9	225	58.59	Clear	0.64	4994.9	103.4	-13053.1	Build 100f5a66		0	
116	detail1~up20~up20	8073	132.5	13366.9	315	58.59	Clear	0.64	8057.8	97.3	13382.1	Build 602940dd		0	
118	detail1~up20~up20	-7921.5	84.7	3269	224.88	58.64	Clear	0.64	-7936.7	49.3	3253.7	Build 17e1a93b		0	
119	detail1~up20~up20	-1185.4	147.7	5704.9	225	58.59	Clear	0.64	-1200.6	112.5	5689.7	Build f4f75ee1		0	
120	detail1~up20~o45	2354.2	69.9	-4057.8	359.64	38.32	Clear	0.64	2354	44	-4025	Build 185cd57a		0	
121	detail1~up20~up20	-8661.8	106.8	-206.4	225	58.59	Clear	0.64	-8677	71.6	-221.6	Build 77729b7c		0	
122	detail1~up20~up20	9874.7	82.5	2235.9	315	67.16	Clear	0.64	9861.8	39.3	2248.8	Build e4b1d3f4		0	
123	detail1~up20~up20	-8462.1	85.2	3344.8	315	58.59	Clear	0.64	-8477.3	50	3360	Build a9f03498		0	
125	detail1	704.6	53.2	4918	225	18	Clear	0.64	676.1	40.1	4889.5	Build 3d7bac9d		0	
127	detail1~o45~up20	-97.8	64.4	-1111.7	359.57	38.22	Clear	0.64	-98	38.6	-1078.9	Build 977b9b11		0	
128	detail1~up20~lo12	200.3	61	-6408.5	315	26.05	Clear	0.64	173.6	42.5	-6381.8	Build d78cf0dc		0	
129	detail1~o45~o45	7693.7	90	-4647.3	314.09	18.11	Clear	0.64	7664.9	76.9	-4619.4	Build 4db9cf55		0	
130	detail1~up20~up20	6461	75.3	2711.4	315	58.59	Clear	0.64	6445.8	40.1	2726.6	Build fb1c3e2f		0	
131	detail1~aim~up20	-2467.2	74	-2247.9	200.02	39.08	Clear	0.64	-2478.3	47.7	-2278.3	Build 3a1ffe50		0	
133	detail1~up20~up20	-4043.4	76.5	4539	315	58.59	Clear	0.64	-4058.6	41.3	4554.2	Build 74073b73		0	
134	detail1~up20~up20	3664	97.1	-2589.2	225	58.59	Clear	0.64	3648.8	61.9	-2604.4	Build b1ba777f		0	
138	detail1~up20~up20	1618.2	79.9	-3557.8	224.88	59.55	Clear	0.64	1603.4	44.2	-3572.7	Build 3f0788fe		0	
139	detail1	6975.8	73.3	7251.9	315	18	Clear	0.64	6947.3	60.3	7280.4	Build 1b806e2d		0	
140	detail1~up20~up20	6174	75	-2860.9	225	58.59	Clear	0.64	6158.8	39.8	-2876.1	Build b87d9c97		0	
145	detail1~up20~o45	-558.2	94.6	-2018.2	269.48	51.81	Clear	0.64	-591	52.9	-2018.5	Build 03e1a319		0	
147	detail1~o45~lo12	3023.1	46.6	-2517.8	359.56	9.05	Clear	0.64	3022.8	39.4	-2475.7	Build 21102436		0	
151	detail1~up20~up20	1629.3	198.7	6231.1	315	79.78	Clear	0.64	1618.9	116.8	6241.5	Build 8eca5f0e		0	
157	detail1~up20~up20	-3689.7	83.9	5215.8	225	58.59	Clear	0.64	-3704.9	48.7	5200.6	Build 0cfc358c		0	
168	detail1~up20~o45	-2354.7	69.2	4081.9	359.51	39.62	Clear	0.64	-2355	42.6	4114	Build 8ec4ce54		0	
179	detail1~up20~up20	-3505.8	82.5	-4655	225	58.59	Clear	0.64	-3521	47.3	-4670.2	Build 041fbe6f		0	
196	detail1~o45	-2948.3	56.5	-103.9	359.52	18.06	Clear	0.64	-2948.6	43.4	-63.7	Build b54900c2		0	
218	detail1	598.6	51.6	-2718.6	225	20.63	Clear	0.64	570.6	36.6	-2746.7	Build cdab5440		0	
289	detail1~o45~lo12	-5925.3	107.5	10312.1	269.57	23.8	Clear	0.64	-5971	87.3	10311.8	Build 539ddd8e		0	
290	detail1~o45~o45	4723	142.6	-12213	314.09	18.11	Clear	0.64	4694.2	129.5	-12185.1	Build b2077dff		0	
291	detail1~c75~up20	10.7	116.4	16333.7	315	79.56	Clear	0.64	2.7	55.3	16341.7	Build 84106697		0	
292	detail1~o45~o45	-110.1	119.5	12354.1	44.13	27.77	Clear	0.64	-82.2	98.4	12382.9	Build ce24e31b		0	
293	detail1~up20~up20	-318.7	98.3	16353.5	225	58.59	Clear	0.64	-333.9	63.1	16338.3	Build 3d20e62e		0	
294	detail1~up20~up20	3704.1	123.6	-12490.6	225	58.59	Clear	0.64	3688.9	88.4	-12505.8	Build f8e26360		0	
295	detail1	-14789.9	143.6	8931.4	225	35.83	Clear	0.64	-14818.4	114.5	8902.9	Build a3e3c1fa		0	
296	detail1~up20~lo12	15130.7	93.1	2662.2	315	26.05	Clear	0.64	15104	74.6	2688.9	Build 684743a2		0	
297	detail1~up20~up20	16791.4	81.7	2687.5	225.13	61.36	Clear	0.64	16777.3	45.4	2673.5	Build 7a2c1a34		0	
