"goal_area","milestone","status","sub_milestone_or_feature_lane","high_level_work","current_evidence_or_state","related_commits_or_artifacts","last_updated"
"Active goal","All / strategy","active / incomplete","Full roadmap working strategy","Complete as much of the strategy as possible with mocks/smokes where possible; compile human tests for later.","Strategy status says full_objective_complete=false; current verdict strategy_active_wave0_human_gated.","plans/full-roadmap-working-strategy.md; captures/wave0-prelive-current/strategy-status/packet.json","2026-07-24T04:39:25.9907538Z"
"Current active slice","M2 / M3 / M7","in_progress","Local Companion workbench and reconstruction packet","Make the Docker Companion the source-aware alpha/dev/admin/test hub for milestone position, physical/headless/GCP lanes, redacted snapshots, and evidence reconstruction.","/workbench, /api/v0/companion/workbench, and redacted persistent snapshots are implemented; the .NET 9 container build passes; live image rebuild remains the next operator action.","plans/companion-workbench-reconstruction-strategy.md; Lumberjacks/src/Game.Companion/workbench-checklist.json; Companion launcher source metadata","2026-07-24T09:35:57Z"
"Current active slice","Wave 0","ready_waiting_on_human_join","Two-client apply/observe proof","Keep P7, OMEN, and i5 aligned; run bounded apply/observe and role reversal once both owned clients join.","Prelive is ready_for_derek_two_client_join; P7 peer_count=0; stop rule holds no exit artifact.","b6e2ecf Add Wave 0 prelive audit wrapper; 384fc90 Add Wave 0 live gate orchestrator; 303ea4a Add Wave 0 auto-wait live gate; captures/wave0-prelive-current/summary.json","2026-07-24T04:39:25.9907538Z"
"Current active slice","Wave 0","ready","Expected-result and human-test handoff","Make Derek-only work explicit and keep file transfer/deployment/log gathering agent-owned.","Return packet now includes remaining human tests H0-1 through H0-4 plus expected-result grid.","11341db Add remaining human test register; 2315fd2 Add Wave 0 expected result grid; 3249512 Show remaining human tests in Wave 0 packet","2026-07-23T21:33:46-07:00"
"Current active slice","Wave 0","ready","Evidence sidecars and seal/defect fallback","Write human visual observations as immutable sidecars; seal both directions or retain a named defect packet.","Fixture tests pass; defect packets are rejected if visual evidence is already sealed.","e0e62d0 Add Wave 0 visual observation annotator; f162d3e Add Wave 0 visual evidence seal verifier; c7a6831 Add Wave 0 defect packet generator; b18d69e Reject defect packet for sealed Wave 0 proof","2026-07-23T21:18:53-07:00"
"Current active slice","Wave 0","ready","Bounded commands and low-touch automation","Ensure live movement/capture/HTTP paths do not hang and do not require Derek as KVM.","Prelive includes bounded-command contract; i5 lane is up; movement/apply/capture/helper HTTP calls are bounded.","9206d01 Bound Wave 0 capture waits; f1037d6 Bound Companion movement HTTP calls; 5540ac3 Bound Wave 0 helper HTTP calls; tools/i5/Test-I5Link.ps1","2026-07-23T21:27:52-07:00"
"Current active slice","Wave 0","ready","Companion rollback/stop path","Prove rollback safety exists before live tests without mutating installed files.","Companion rollback contract passes and appears in return-packet non-human evidence.","ebd690b Prove Companion rollback contract in Wave 0; tools/wave0/Test-CompanionRollbackContract.ps1","2026-07-23T21:40:26-07:00"
"Current active slice","Wave 0","ready","Two-machine capture and i5 deploy lane","Collect OMEN+i5 evidence bundles and deploy to i5 without user copy/paste.","Bundle smoke collects two bundles; i5 SSH lane uses SHA256-verified deploys.","abef6f5 Honor i5 deploy excludes; 58fe80e Add i5 Docker recovery lane; tools/i5/Start-TwoClientCapture.ps1","2026-07-23T20:44:55-07:00"
"Current active slice","Wave 0 / M1 ops","recently_updated_by_other_agent","P7 world backup/save posture","Split dev/prod backup behavior to stop idle imported world zip churn while keeping production knobs.","Latest commit changes infra/gcp/p7 docker-compose and environment.example; user says another agent is continuing world-save work.","df5ee60 Split Valheim world backups into dev/prod postures","2026-07-23T21:43:13-07:00"
"Release foundation","M0","complete","Freeze known-good release and evidence","Reproducible Gateway/mod/deployment/world/evidence; rollback artifacts; immutable publication.","Roadmap marks M0 complete; release m0-clean-20260716-r2 closed with promotion drill and golden-proof publication.","Lumberjacks/docs/roadmap/m0-clean-build-candidate-r2.json; m0-a3-release-bundle-receipt.json; m0-a4-promotion-drill-receipt.json; m0-a5-publication-receipt.json","2026-07-16"
"Identity/admission","M1","active","Authoritative identity and admission","Bind joining Steam account to enrollment, compatibility, capacity, least privilege, and TLS/trusted proxy boundaries.","Roadmap active; current alpha accepts known-cohort risk around Caddy/private-socket capability; strict widening remains stop-ship until fixed.","63c65cd Deploy m30 role-control release; 0d6edf1 Refresh public roadmap current state; Lumberjacks/docs/roadmap/valheim-volunteer-roadmap.json","2026-07-23T19:55:59-07:00"
"Guest package","M2","active","Companion client-pull and reversible package","Replace hand copying with Steam-linked Companion flow, immutable modpack, config preservation, rollback, diagnostics, uninstall.","Public Companion bootstrap r26 is live; rollback guard contract is now prelive evidence; clean external tester path still human-gated.","ce7718b Publish Companion bootstrap r26; a03a3e4 Verify Companion bootstrap command coverage; ebd690b Prove Companion rollback contract in Wave 0","2026-07-23T21:40:26-07:00"
"Traffic proof","M3","queued","Append-only evidence and durable proof","Seal per-run traffic evidence; JSONL boundary observations; retained dashboards; no destructive reset of proof.","Strategy/status says not started in current slice; planned event families and stop rules exist, but no sealed M3 run yet.","plans/full-roadmap-working-strategy.md; plans/community-telemetry-surface-integration-plan.md; captures/wave0-prelive-current/strategy-status/packet.json","2026-07-24T04:39:25.9907538Z"
"Recipient correctness","M4a","active","Synthetic recipient isolation and producer loss safety","Recipient-scoped queue, exact readiness leases, reconnect/takeover, producer outbox, N=2/N=10 synthetic proof.","Roadmap says Gateway-only M4a stage-1 proof in progress; producer outbox and stage-3 mod recipient emitter remain open.","Lumberjacks/docs/roadmap/valheim-volunteer-roadmap.json; fieldlab/integration/COMFY-LUMBERJACKS-ACCEPTANCE.md","2026-07-24T03:13:12.990Z"
"Real-client correctness","M4b","gated","Two real Steam clients","Dense/shared/separate-region correctness, reconnects, restarts, save/reload across two real clients.","Blocked by Wave 0 live visual proof; remaining human tests H0-1 through H0-4 are registered.","plans/remaining-human-tests.md; captures/wave0-prelive-current/return-packet/packet.md","2026-07-24T04:39:25.9907538Z"
"External canary","M5","gated","One-seat trusted non-developer canary","Companion-only install, guided route, personal live trace, survey, uninstall, sealed packet reproduction.","Not started; requires owned two-client correctness first.","plans/remaining-human-tests.md H3-5; plans/full-roadmap-working-strategy.md","2026-07-24T04:39:25.9907538Z"
"Widening","M6","gated","2-4 then 5-8 player soak","Predeclare limits; collect per-participant receipts; prove subjective quality and resource ceilings.","Not started; requires M4b/M5 evidence and synthetic N=10 qualifications.","plans/remaining-human-tests.md H4-4; plans/full-roadmap-working-strategy.md","2026-07-24T04:39:25.9907538Z"
"Future authority","M7","discovery_active / p7_promotion_gated","Network authority expansion","Run a lightweight R&D experiment train across synthetic, replay, local-lab, and shadow drivers for relevance, ownership, replication, motion, and RPC claims; promote one bounded claim at a time.","M7-E00 through M7-E11 define the research path. A builder-ready handoff now specifies the AuthorityLab layout, .NET 9 commands, E00-E03 procedures, receipts, stop rules, and roadmap workflow.","plans/m7-authority-experiment-execution-handoff.md; plans/m7-authority-experiment-program.md; plans/m7-authority-expansion-working-strategy.md","2026-07-24T05:49:37.9681996Z"
"Adoption","A1","complete","Trust and rhythm","Data trust note, alpha expectations, weekly rhythm/templates, stream ops hygiene.","Roadmap marks complete; public docs shipped 2026-07-23.","plans/m1-1-data-trust-note.md; plans/m1-2-alpha-expectations-and-status.md; plans/m1-3-weekly-rhythm-templates.md; plans/m1-4-stream-ops-hygiene.md","2026-07-23"
"Adoption","A2","active","Legible tuning","Knob inventory/ledger, decision provenance, GM interview guide.","Tuning ledger and GM guide shipped; decision-provenance hot-path trace still open.","plans/m2-1-tuning-ledger.md; plans/m2-2-decision-provenance.md; plans/m2-3-gm-interview-guide.md","2026-07-23"
"Adoption","A3","queued","Replay and workbooks","Counterfactual replay notebook, tradeoff cards, VOD chaptering, runnable proofs.","Planning docs exist; runnable proof receipts not yet present.","plans/m3-1-replay-notebook.md; plans/m3-2-tradeoff-cards.md; plans/m3-3-vod-chaptering.md; plans/m3-4-runnable-proofs.md","2026-07-23"
"Adoption","A4","queued","Turnkey lab","Inventory/gap, compose stack, lab keys, localhost demo.","Planning docs exist; one-command clean-machine lab proof not yet present.","plans/m4-1-inventory-and-gap.md; plans/m4-2-compose-stack.md; plans/m4-3-lab-mode-keys.md; plans/m4-4-localhost-demo.md","2026-07-23"
"Adoption","A5","queued","Community scale","Support runbook, quest contribution pipeline, GM-driven integration, beachhead map.","Planning docs exist; delegated support/quest dry run not yet proven.","plans/m5-1-support-runbook.md; plans/m5-2-quest-contribution-pipeline.md; plans/m5-3-gm-driven-integration.md; plans/m5-4-beachhead-map.md","2026-07-23"
"Adoption","A6","later","Projection","Node-shape contract, signing hardening, peering pilot.","Planning docs exist; signed read-only aggregate exchange not yet built.","plans/m6-1-node-shape-contract.md; plans/m6-2-signing-hardening.md; plans/m6-3-peering-pilot.md","2026-07-23"
